{
    "openapi": "3.0.0",
    "paths": {
        "/user/login": {
            "post": {
                "operationId": "UserController_login",
                "parameters": [],
                "requestBody": {
                    "required": true,
                    "content": {
                        "application/json": {
                            "schema": {
                                "$ref": "#/components/schemas/LoginReqDTO"
                            }
                        }
                    }
                },
                "responses": {
                    "201": {
                        "description": "",
                        "content": {
                            "application/json": {
                                "schema": {
                                    "$ref": "#/components/schemas/LoginResDTO"
                                }
                            }
                        }
                    }
                },
                "tags": [
                    "User"
                ]
            }
        },
        "/user/signUp": {
            "post": {
                "operationId": "UserController_signUp",
                "parameters": [],
                "requestBody": {
                    "required": true,
                    "content": {
                        "application/json": {
                            "schema": {
                                "$ref": "#/components/schemas/SignupReqDTO"
                            }
                        }
                    }
                },
                "responses": {
                    "201": {
                        "description": "",
                        "content": {
                            "application/json": {
                                "schema": {
                                    "$ref": "#/components/schemas/LoginResDTO"
                                }
                            }
                        }
                    }
                },
                "tags": [
                    "User"
                ]
            }
        },
        "/folders": {
            "post": {
                "operationId": "FoldersController_create",
                "parameters": [],
                "requestBody": {
                    "required": true,
                    "content": {
                        "application/json": {
                            "schema": {
                                "$ref": "#/components/schemas/CreateFolderDto"
                            }
                        }
                    }
                },
                "responses": {
                    "201": {
                        "description": "",
                        "content": {
                            "application/json": {
                                "schema": {
                                    "$ref": "#/components/schemas/FolderModel"
                                }
                            }
                        }
                    }
                },
                "tags": [
                    "Folders"
                ],
                "security": [
                    {
                        "bearer": []
                    }
                ]
            },
            "get": {
                "operationId": "FoldersController_getUserFolders",
                "parameters": [],
                "responses": {
                    "200": {
                        "description": "",
                        "content": {
                            "application/json": {
                                "schema": {
                                    "$ref": "#/components/schemas/GetAllUserFoldersResDTO"
                                }
                            }
                        }
                    }
                },
                "tags": [
                    "Folders"
                ],
                "security": [
                    {
                        "bearer": []
                    }
                ]
            }
        },
        "/folders/{folderId}": {
            "get": {
                "operationId": "FoldersController_findUserFolder",
                "parameters": [
                    {
                        "name": "folderId",
                        "required": true,
                        "in": "path",
                        "schema": {
                            "type": "string"
                        }
                    }
                ],
                "responses": {
                    "200": {
                        "description": "",
                        "content": {
                            "application/json": {
                                "schema": {
                                    "$ref": "#/components/schemas/FolderModel"
                                }
                            }
                        }
                    }
                },
                "tags": [
                    "Folders"
                ],
                "security": [
                    {
                        "bearer": []
                    }
                ]
            },
            "patch": {
                "operationId": "FoldersController_updateUserFolder",
                "parameters": [
                    {
                        "name": "folderId",
                        "required": true,
                        "in": "path",
                        "schema": {
                            "type": "string"
                        }
                    }
                ],
                "requestBody": {
                    "required": true,
                    "content": {
                        "application/json": {
                            "schema": {
                                "$ref": "#/components/schemas/UpdateFolderDto"
                            }
                        }
                    }
                },
                "responses": {
                    "200": {
                        "description": "",
                        "content": {
                            "application/json": {
                                "schema": {
                                    "$ref": "#/components/schemas/FolderModel"
                                }
                            }
                        }
                    }
                },
                "tags": [
                    "Folders"
                ],
                "security": [
                    {
                        "bearer": []
                    }
                ]
            }
        },
        "/notes": {
            "post": {
                "operationId": "NotesController_create",
                "parameters": [],
                "requestBody": {
                    "required": true,
                    "content": {
                        "application/json": {
                            "schema": {
                                "$ref": "#/components/schemas/CreateNoteReqDto"
                            }
                        }
                    }
                },
                "responses": {
                    "201": {
                        "description": "",
                        "content": {
                            "application/json": {
                                "schema": {
                                    "$ref": "#/components/schemas/NoteModel"
                                }
                            }
                        }
                    }
                },
                "tags": [
                    "Notes"
                ],
                "security": [
                    {
                        "bearer": []
                    }
                ]
            },
            "get": {
                "operationId": "NotesController_findAll",
                "parameters": [
                    {
                        "name": "folderId",
                        "required": true,
                        "in": "query",
                        "schema": {
                            "type": "string"
                        }
                    }
                ],
                "responses": {
                    "200": {
                        "description": "",
                        "content": {
                            "application/json": {
                                "schema": {
                                    "$ref": "#/components/schemas/GetFolderNotesResDTO"
                                }
                            }
                        }
                    }
                },
                "tags": [
                    "Notes"
                ],
                "security": [
                    {
                        "bearer": []
                    }
                ]
            }
        },
        "/notes/summary": {
            "get": {
                "operationId": "NotesController_getSummary",
                "parameters": [],
                "responses": {
                    "200": {
                        "description": "",
                        "content": {
                            "application/json": {
                                "schema": {
                                    "$ref": "#/components/schemas/NotesSummaryResDto"
                                }
                            }
                        }
                    }
                },
                "tags": [
                    "Notes"
                ],
                "security": [
                    {
                        "bearer": []
                    }
                ]
            }
        },
        "/notes/{noteId}": {
            "get": {
                "operationId": "NotesController_findOne",
                "parameters": [
                    {
                        "name": "noteId",
                        "required": true,
                        "in": "path",
                        "schema": {
                            "type": "string"
                        }
                    }
                ],
                "responses": {
                    "200": {
                        "description": "",
                        "content": {
                            "application/json": {
                                "schema": {
                                    "$ref": "#/components/schemas/NoteModel"
                                }
                            }
                        }
                    }
                },
                "tags": [
                    "Notes"
                ],
                "security": [
                    {
                        "bearer": []
                    }
                ]
            },
            "patch": {
                "operationId": "NotesController_update",
                "parameters": [
                    {
                        "name": "noteId",
                        "required": true,
                        "in": "path",
                        "schema": {
                            "type": "string"
                        }
                    }
                ],
                "requestBody": {
                    "required": true,
                    "content": {
                        "application/json": {
                            "schema": {
                                "$ref": "#/components/schemas/UpdateNoteReqDto"
                            }
                        }
                    }
                },
                "responses": {
                    "200": {
                        "description": "",
                        "content": {
                            "application/json": {
                                "schema": {
                                    "$ref": "#/components/schemas/NoteModel"
                                }
                            }
                        }
                    }
                },
                "tags": [
                    "Notes"
                ],
                "security": [
                    {
                        "bearer": []
                    }
                ]
            }
        },
        "/notifications/one-time": {
            "post": {
                "operationId": "NotificationsController_create",
                "parameters": [],
                "requestBody": {
                    "required": true,
                    "content": {
                        "application/json": {
                            "schema": {
                                "$ref": "#/components/schemas/CreateOneTimeNotificationDto"
                            }
                        }
                    }
                },
                "responses": {
                    "201": {
                        "description": "",
                        "content": {
                            "application/json": {
                                "schema": {
                                    "$ref": "#/components/schemas/NotificationModel"
                                }
                            }
                        }
                    }
                },
                "tags": [
                    "notifications"
                ],
                "security": [
                    {
                        "bearer": []
                    }
                ]
            }
        },
        "/notifications/reoccurring": {
            "post": {
                "operationId": "NotificationsController_createReoccurring",
                "parameters": [],
                "requestBody": {
                    "required": true,
                    "content": {
                        "application/json": {
                            "schema": {
                                "$ref": "#/components/schemas/CreateReoccurringNotificationDto"
                            }
                        }
                    }
                },
                "responses": {
                    "201": {
                        "description": "",
                        "content": {
                            "application/json": {
                                "schema": {
                                    "$ref": "#/components/schemas/NotificationModel"
                                }
                            }
                        }
                    }
                },
                "tags": [
                    "notifications"
                ],
                "security": [
                    {
                        "bearer": []
                    }
                ]
            }
        },
        "/notifications/{noteId}": {
            "get": {
                "operationId": "NotificationsController_findOne",
                "parameters": [
                    {
                        "name": "noteId",
                        "required": true,
                        "in": "path",
                        "schema": {
                            "type": "string"
                        }
                    }
                ],
                "responses": {
                    "200": {
                        "description": "",
                        "content": {
                            "application/json": {
                                "schema": {
                                    "$ref": "#/components/schemas/NotificationDto"
                                }
                            }
                        }
                    }
                },
                "tags": [
                    "notifications"
                ],
                "security": [
                    {
                        "bearer": []
                    }
                ]
            }
        },
        "/notifications/{notificationId}": {
            "delete": {
                "operationId": "NotificationsController_remove",
                "parameters": [
                    {
                        "name": "notificationId",
                        "required": true,
                        "in": "path",
                        "schema": {
                            "type": "string"
                        }
                    }
                ],
                "responses": {
                    "200": {
                        "description": ""
                    }
                },
                "tags": [
                    "notifications"
                ],
                "security": [
                    {
                        "bearer": []
                    }
                ]
            }
        },
        "/reset/note/{noteId}": {
            "delete": {
                "operationId": "ResetController_removeNote",
                "parameters": [
                    {
                        "name": "noteId",
                        "required": true,
                        "in": "path",
                        "schema": {
                            "type": "string"
                        }
                    }
                ],
                "responses": {
                    "200": {
                        "description": ""
                    }
                },
                "tags": [
                    "Reset"
                ],
                "security": [
                    {
                        "bearer": []
                    }
                ]
            }
        },
        "/reset/folder/{folderId}": {
            "delete": {
                "operationId": "ResetController_removeFolder",
                "parameters": [
                    {
                        "name": "folderId",
                        "required": true,
                        "in": "path",
                        "schema": {
                            "type": "string"
                        }
                    }
                ],
                "responses": {
                    "200": {
                        "description": ""
                    }
                },
                "tags": [
                    "Reset"
                ],
                "security": [
                    {
                        "bearer": []
                    }
                ]
            }
        }
    },
    "info": {
        "title": "world-of-notes",
        "description": "api for world of notes",
        "version": "1.0",
        "contact": {}
    },
    "tags": [],
    "servers": [],
    "components": {
        "securitySchemes": {
            "bearer": {
                "scheme": "bearer",
                "bearerFormat": "JWT",
                "in": "header",
                "type": "http"
            }
        },
        "schemas": {
            "LoginReqDTO": {
                "type": "object",
                "properties": {
                    "email": {
                        "type": "string"
                    },
                    "password": {
                        "type": "string",
                        "minLength": 8,
                        "maxLength": 50
                    }
                },
                "required": [
                    "email",
                    "password"
                ]
            },
            "UserModel": {
                "type": "object",
                "properties": {
                    "email": {
                        "type": "string"
                    },
                    "name": {
                        "type": "string"
                    },
                    "id": {
                        "type": "string"
                    }
                },
                "required": [
                    "email",
                    "name",
                    "id"
                ]
            },
            "LoginResDTO": {
                "type": "object",
                "properties": {
                    "user": {
                        "$ref": "#/components/schemas/UserModel"
                    },
                    "accessToken": {
                        "type": "string"
                    }
                },
                "required": [
                    "user",
                    "accessToken"
                ]
            },
            "SignupReqDTO": {
                "type": "object",
                "properties": {
                    "email": {
                        "type": "string"
                    },
                    "password": {
                        "type": "string",
                        "minLength": 8,
                        "maxLength": 50
                    },
                    "name": {
                        "type": "string"
                    }
                },
                "required": [
                    "email",
                    "password",
                    "name"
                ]
            },
            "CreateFolderDto": {
                "type": "object",
                "properties": {
                    "description": {
                        "type": "string"
                    },
                    "name": {
                        "type": "string"
                    }
                },
                "required": [
                    "description",
                    "name"
                ]
            },
            "FolderModel": {
                "type": "object",
                "properties": {
                    "description": {
                        "type": "string"
                    },
                    "name": {
                        "type": "string"
                    },
                    "id": {
                        "type": "string"
                    }
                },
                "required": [
                    "description",
                    "name",
                    "id"
                ]
            },
            "GetAllUserFoldersResDTO": {
                "type": "object",
                "properties": {
                    "folders": {
                        "type": "array",
                        "items": {
                            "$ref": "#/components/schemas/FolderModel"
                        }
                    }
                },
                "required": [
                    "folders"
                ]
            },
            "UpdateFolderDto": {
                "type": "object",
                "properties": {
                    "description": {
                        "type": "string"
                    },
                    "name": {
                        "type": "string"
                    }
                }
            },
            "CreateNoteReqDto": {
                "type": "object",
                "properties": {
                    "name": {
                        "type": "string"
                    },
                    "content": {
                        "type": "string"
                    },
                    "x": {
                        "type": "number"
                    },
                    "y": {
                        "type": "number"
                    },
                    "width": {
                        "type": "number"
                    },
                    "height": {
                        "type": "number"
                    },
                    "zIndex": {
                        "type": "number"
                    },
                    "color": {
                        "type": "string"
                    },
                    "folderId": {
                        "type": "string"
                    }
                },
                "required": [
                    "name",
                    "content",
                    "x",
                    "y",
                    "width",
                    "height",
                    "zIndex",
                    "color",
                    "folderId"
                ]
            },
            "NoteModel": {
                "type": "object",
                "properties": {
                    "name": {
                        "type": "string"
                    },
                    "content": {
                        "type": "string"
                    },
                    "x": {
                        "type": "number"
                    },
                    "y": {
                        "type": "number"
                    },
                    "width": {
                        "type": "number"
                    },
                    "height": {
                        "type": "number"
                    },
                    "zIndex": {
                        "type": "number"
                    },
                    "color": {
                        "type": "string"
                    },
                    "userId": {
                        "type": "string"
                    },
                    "folderId": {
                        "type": "string"
                    },
                    "id": {
                        "type": "string"
                    }
                },
                "required": [
                    "name",
                    "content",
                    "x",
                    "y",
                    "width",
                    "height",
                    "zIndex",
                    "color",
                    "userId",
                    "folderId",
                    "id"
                ]
            },
            "GetFolderNotesResDTO": {
                "type": "object",
                "properties": {
                    "notes": {
                        "type": "array",
                        "items": {
                            "$ref": "#/components/schemas/NoteModel"
                        }
                    }
                },
                "required": [
                    "notes"
                ]
            },
            "FolderWithNotes": {
                "type": "object",
                "properties": {
                    "description": {
                        "type": "string"
                    },
                    "name": {
                        "type": "string"
                    },
                    "id": {
                        "type": "string"
                    },
                    "notesCnt": {
                        "type": "number"
                    }
                },
                "required": [
                    "description",
                    "name",
                    "id",
                    "notesCnt"
                ]
            },
            "NotesSummaryResDto": {
                "type": "object",
                "properties": {
                    "foldersCnt": {
                        "type": "number"
                    },
                    "folders": {
                        "type": "array",
                        "items": {
                            "$ref": "#/components/schemas/FolderWithNotes"
                        }
                    }
                },
                "required": [
                    "foldersCnt",
                    "folders"
                ]
            },
            "UpdateNoteReqDto": {
                "type": "object",
                "properties": {
                    "name": {
                        "type": "string"
                    },
                    "content": {
                        "type": "string"
                    },
                    "x": {
                        "type": "number"
                    },
                    "y": {
                        "type": "number"
                    },
                    "width": {
                        "type": "number"
                    },
                    "height": {
                        "type": "number"
                    },
                    "zIndex": {
                        "type": "number"
                    },
                    "color": {
                        "type": "string"
                    },
                    "folderId": {
                        "type": "string"
                    }
                }
            },
            "CreateOneTimeNotificationDto": {
                "type": "object",
                "properties": {
                    "name": {
                        "type": "string"
                    },
                    "noteId": {
                        "type": "string"
                    },
                    "triggerTime": {
                        "type": "string"
                    }
                },
                "required": [
                    "name",
                    "noteId",
                    "triggerTime"
                ]
            },
            "NotificationModel": {
                "type": "object",
                "properties": {
                    "name": {
                        "type": "string"
                    },
                    "expression": {
                        "type": "string"
                    },
                    "type": {
                        "enum": [
                            "reoccurring",
                            "oneTime"
                        ],
                        "type": "string"
                    },
                    "triggerTime": {
                        "type": "string"
                    },
                    "userId": {
                        "type": "string"
                    },
                    "noteId": {
                        "type": "string"
                    },
                    "id": {
                        "type": "string"
                    },
                    "dayOfWeek": {
                        "enum": [
                            "SUN",
                            "MON",
                            "TUE",
                            "WED",
                            "THU",
                            "FRI",
                            "SAT"
                        ],
                        "type": "string"
                    },
                    "hours": {
                        "type": "number",
                        "minimum": 0,
                        "maximum": 23
                    },
                    "minutes": {
                        "type": "number",
                        "minimum": 0,
                        "maximum": 59
                    },
                    "timezoneOffset": {
                        "type": "number"
                    }
                },
                "required": [
                    "name",
                    "expression",
                    "type",
                    "userId",
                    "noteId",
                    "id"
                ]
            },
            "CreateReoccurringNotificationDto": {
                "type": "object",
                "properties": {
                    "name": {
                        "type": "string"
                    },
                    "noteId": {
                        "type": "string"
                    },
                    "dayOfWeek": {
                        "type": "string",
                        "enum": [
                            "SUN",
                            "MON",
                            "TUE",
                            "WED",
                            "THU",
                            "FRI",
                            "SAT"
                        ]
                    },
                    "hours": {
                        "type": "number",
                        "minimum": 0,
                        "maximum": 23
                    },
                    "minutes": {
                        "type": "number",
                        "minimum": 0,
                        "maximum": 59
                    },
                    "timezoneOffset": {
                        "type": "number"
                    }
                },
                "required": [
                    "name",
                    "noteId",
                    "dayOfWeek",
                    "hours",
                    "minutes",
                    "timezoneOffset"
                ]
            },
            "NotificationDto": {
                "type": "object",
                "properties": {
                    "notification": {
                        "$ref": "#/components/schemas/NotificationModel"
                    }
                }
            }
        }
    }
}